province_state,country_region,date,confirmed,deaths,recovered,admin2
Hubei,Mainland China,2020-03-10,67760,3024,47743,
Hubei,Mainland China,2020-03-09,67743,3008,46488,
Hubei,Mainland China,2020-03-08,67707,2986,45235,
Hubei,Mainland China,2020-03-07,67666,2959,43500,
Hubei,Mainland China,2020-03-06,67592,2931,42033,
Hubei,Mainland China,2020-03-05,67466,2902,40592,
Hubei,Mainland China,2020-03-04,67332,2871,38557,
Hubei,Mainland China,2020-03-03,67217,2835,36208,
Hubei,Mainland China,2020-03-02,67103,2803,33934,
Hubei,Mainland China,2020-03-01,66907,2761,31536,
Hubei,Mainland China,2020-02-29,66337,2727,28993,
Hubei,Mainland China,2020-02-28,65914,2682,26403,
Hubei,Mainland China,2020-02-27,65596,2641,23383,
Hubei,Mainland China,2020-02-26,65187,2615,20969,
Hubei,Mainland China,2020-02-25,64786,2563,18971,
Hubei,Mainland China,2020-02-24,64287,2495,16748,
Hubei,Mainland China,2020-02-22,64084,2346,15299,
Hubei,Mainland China,2020-02-23,64084,2346,15343,
Hubei,Mainland China,2020-02-21,62662,2144,11881,
Hubei,Mainland China,2020-02-20,62442,2144,11788,
Hubei,Mainland China,2020-02-19,62031,2029,10337,
Hubei,Mainland China,2020-02-18,61682,1921,9128,
Hubei,Mainland China,2020-02-17,59989,1789,7862,
Hubei,Mainland China,2020-02-16,58182,1696,6639,
Hubei,Mainland China,2020-02-15,56249,1596,5623,
Hubei,Mainland China,2020-02-14,54406,1457,4774,
Hubei,Mainland China,2020-02-13,48206,1310,3459,
Hubei,Mainland China,2020-02-11,33366,1068,2639,
Hubei,Mainland China,2020-02-12,33366,1068,2686,
Hubei,Mainland China,2020-02-10,31728,974,2222,
Hubei,Mainland China,2020-02-09,29631,871,1795,
Hubei,Mainland China,2020-02-08,27100,780,1439,
Hubei,Mainland China,2020-02-07,24953,699,1115,
Hubei,Mainland China,2020-02-06,22112,618,817,
Hubei,Mainland China,2020-02-05,19665,549,633,
Hubei,Mainland China,2020-02-04,16678,479,522,
Hubei,Mainland China,2020-02-03,13522,414,386,
Hubei,Mainland China,2020-02-02,11177,350,295,
Hubei,Mainland China,2020-02-01,7153,249,168,
Hubei,Mainland China,2020-01-31,5806,204,141,
Hubei,Mainland China,2020-01-30,4903,162,90,
Hubei,Mainland China,2020-01-29,3554,125,88,
Hubei,Mainland China,2020-01-28,3554,125,80,
Hubei,Mainland China,2020-01-27,1423,76,45,
Guangdong,Mainland China,2020-03-10,1353,8,1274,
Guangdong,Mainland China,2020-03-08,1352,7,1256,
Guangdong,Mainland China,2020-03-09,1352,8,1260,
Guangdong,Mainland China,2020-03-06,1352,7,1216,
Guangdong,Mainland China,2020-03-07,1352,7,1237,
Guangdong,Mainland China,2020-03-05,1351,7,1181,
Guangdong,Mainland China,2020-03-02,1350,7,1059,
Guangdong,Mainland China,2020-03-03,1350,7,1101,
Guangdong,Mainland China,2020-03-04,1350,7,1133,
Guangdong,Mainland China,2020-02-29,1349,7,983,
Guangdong,Mainland China,2020-03-01,1349,7,1016,
Guangdong,Mainland China,2020-02-28,1348,7,935,
Guangdong,Mainland China,2020-02-26,1347,7,851,
Guangdong,Mainland China,2020-02-27,1347,7,890,
Guangdong,Mainland China,2020-02-25,1347,7,822,
Guangdong,Mainland China,2020-02-24,1345,6,786,
Guangdong,Mainland China,2020-02-23,1342,6,755,
Guangdong,Mainland China,2020-02-22,1339,5,728,
Guangdong,Mainland China,2020-02-21,1333,5,690,
Guangdong,Mainland China,2020-02-20,1332,5,642,
Guangdong,Mainland China,2020-02-19,1331,5,606,
Guangdong,Mainland China,2020-02-18,1328,4,565,
Guangdong,Mainland China,2020-02-17,1322,4,524,
Guangdong,Mainland China,2020-02-16,1316,2,465,
Guangdong,Mainland China,2020-02-15,1294,2,410,
Henan,Mainland China,2020-03-08,1272,22,1247,
Henan,Mainland China,2020-03-10,1272,22,1247,
Henan,Mainland China,2020-03-02,1272,22,1205,
Henan,Mainland China,2020-02-27,1272,20,1068,
Henan,Mainland China,2020-03-03,1272,22,1231,
Henan,Mainland China,2020-02-28,1272,20,1112,
Henan,Mainland China,2020-03-04,1272,22,1234,
Henan,Mainland China,2020-03-09,1272,22,1247,
Henan,Mainland China,2020-03-06,1272,22,1244,
Henan,Mainland China,2020-03-07,1272,22,1244,
Henan,Mainland China,2020-02-29,1272,21,1170,
Henan,Mainland China,2020-03-05,1272,22,1239,
Henan,Mainland China,2020-03-01,1272,22,1198,
Henan,Mainland China,2020-02-24,1271,19,943,
Henan,Mainland China,2020-02-26,1271,19,1033,
Henan,Mainland China,2020-02-25,1271,19,1002,
Henan,Mainland China,2020-02-23,1271,19,868,
Henan,Mainland China,2020-02-22,1270,19,830,
Henan,Mainland China,2020-02-21,1267,19,736,
Henan,Mainland China,2020-02-20,1265,19,637,
Henan,Mainland China,2020-02-19,1262,19,573,
Guangdong,Mainland China,2020-02-14,1261,2,362,
Henan,Mainland China,2020-02-18,1257,19,522,
Henan,Mainland China,2020-02-17,1246,16,509,
Guangdong,Mainland China,2020-02-13,1241,2,314,
Henan,Mainland China,2020-02-16,1231,13,440,
Guangdong,Mainland China,2020-02-12,1219,1,275,
Zhejiang,Mainland China,2020-03-08,1215,1,1161,
Zhejiang,Mainland China,2020-03-10,1215,1,1191,
Zhejiang,Mainland China,2020-03-09,1215,1,1176,
Zhejiang,Mainland China,2020-03-06,1215,1,1147,
Zhejiang,Mainland China,2020-03-07,1215,1,1154,
Zhejiang,Mainland China,2020-03-05,1215,1,1124,
Zhejiang,Mainland China,2020-03-03,1213,1,1093,
Zhejiang,Mainland China,2020-03-04,1213,1,1114,
Henan,Mainland China,2020-02-15,1212,13,391,
Zhejiang,Mainland China,2020-03-02,1206,1,1069,
Zhejiang,Mainland China,2020-02-24,1205,1,782,
Zhejiang,Mainland China,2020-02-26,1205,1,867,
Zhejiang,Mainland China,2020-02-27,1205,1,932,
Zhejiang,Mainland China,2020-02-28,1205,1,975,
Zhejiang,Mainland China,2020-02-25,1205,1,808,
Zhejiang,Mainland China,2020-02-22,1205,1,719,
Zhejiang,Mainland China,2020-02-29,1205,1,1016,
Zhejiang,Mainland China,2020-02-23,1205,1,760,
Zhejiang,Mainland China,2020-03-01,1205,1,1046,
Zhejiang,Mainland China,2020-02-21,1203,1,679,
Henan,Mainland China,2020-02-14,1184,11,357,
Guangdong,Mainland China,2020-02-11,1177,1,212,
Zhejiang,Mainland China,2020-02-20,1175,1,633,
Zhejiang,Mainland China,2020-02-19,1174,0,604,
Zhejiang,Mainland China,2020-02-18,1172,0,535,
Zhejiang,Mainland China,2020-02-17,1171,0,507,
Henan,Mainland China,2020-02-13,1169,10,296,
Zhejiang,Mainland China,2020-02-16,1167,0,456,
Zhejiang,Mainland China,2020-02-15,1162,0,428,
Guangdong,Mainland China,2020-02-10,1159,1,167,
Zhejiang,Mainland China,2020-02-14,1155,0,403,
Zhejiang,Mainland China,2020-02-13,1145,0,360,
Henan,Mainland China,2020-02-12,1135,8,246,
Guangdong,Mainland China,2020-02-09,1131,1,141,
Zhejiang,Mainland China,2020-02-12,1131,0,321,
Zhejiang,Mainland China,2020-02-11,1117,0,270,
Henan,Mainland China,2020-02-11,1105,7,218,
Guangdong,Mainland China,2020-02-08,1095,1,112,
Zhejiang,Mainland China,2020-02-10,1092,0,242,
Zhejiang,Mainland China,2020-02-09,1075,0,201,
Henan,Mainland China,2020-02-10,1073,6,191,
Hubei,Mainland China,2020-01-26,1058,52,42,
Zhejiang,Mainland China,2020-02-08,1048,0,175,
Guangdong,Mainland China,2020-02-07,1034,1,88,
Henan,Mainland China,2020-02-09,1033,6,153,
Hunan,Mainland China,2020-03-08,1018,4,968,
Hunan,Mainland China,2020-03-10,1018,4,990,
Hunan,Mainland China,2020-03-02,1018,4,887,
Hunan,Mainland China,2020-03-03,1018,4,906,
Hunan,Mainland China,2020-03-04,1018,4,916,
Hunan,Mainland China,2020-03-09,1018,4,979,
Hunan,Mainland China,2020-03-06,1018,4,955,
Hunan,Mainland China,2020-03-07,1018,4,960,
Hunan,Mainland China,2020-02-29,1018,4,846,
Hunan,Mainland China,2020-03-05,1018,4,938,
Hunan,Mainland China,2020-03-01,1018,4,866,
Hunan,Mainland China,2020-02-27,1017,4,804,
Hunan,Mainland China,2020-02-28,1017,4,830,
Hunan,Mainland China,2020-02-24,1016,4,731,
Hunan,Mainland China,2020-02-26,1016,4,783,
Hunan,Mainland China,2020-02-25,1016,4,768,
Hunan,Mainland China,2020-02-23,1016,4,714,
Hunan,Mainland China,2020-02-22,1013,4,692,
Hunan,Mainland China,2020-02-21,1011,4,661,
Hunan,Mainland China,2020-02-20,1010,4,634,
Hunan,Mainland China,2020-02-19,1008,4,561,
Hunan,Mainland China,2020-02-18,1007,4,527,
Zhejiang,Mainland China,2020-02-07,1006,0,123,
Hunan,Mainland China,2020-02-17,1006,3,498,
Hunan,Mainland China,2020-02-16,1004,3,464,
Hunan,Mainland China,2020-02-15,1001,2,425,
Anhui,Mainland China,2020-03-08,990,6,984,
Anhui,Mainland China,2020-03-10,990,6,984,
Anhui,Mainland China,2020-03-02,990,6,917,
Anhui,Mainland China,2020-03-03,990,6,936,
Anhui,Mainland China,2020-02-28,990,6,821,
Anhui,Mainland China,2020-03-04,990,6,956,
Anhui,Mainland China,2020-03-09,990,6,984,
Anhui,Mainland China,2020-03-06,990,6,979,
Anhui,Mainland China,2020-03-07,990,6,979,
Anhui,Mainland China,2020-02-29,990,6,868,
Anhui,Mainland China,2020-03-05,990,6,970,
Anhui,Mainland China,2020-03-01,990,6,873,
Anhui,Mainland China,2020-02-24,989,6,663,
Anhui,Mainland China,2020-02-26,989,6,744,
Anhui,Mainland China,2020-02-27,989,6,792,
Anhui,Mainland China,2020-02-25,989,6,712,
Anhui,Mainland China,2020-02-22,989,6,597,
Anhui,Mainland China,2020-02-23,989,6,637,
Hunan,Mainland China,2020-02-14,988,2,364,
Anhui,Mainland China,2020-02-21,988,6,539,
Anhui,Mainland China,2020-02-20,987,6,474,
Anhui,Mainland China,2020-02-19,986,6,413,
Anhui,Mainland China,2020-02-18,982,6,361,
Henan,Mainland China,2020-02-08,981,4,116,
Anhui,Mainland China,2020-02-17,973,6,280,
Guangdong,Mainland China,2020-02-06,970,0,69,
Hunan,Mainland China,2020-02-13,968,2,339,
Anhui,Mainland China,2020-02-16,962,6,255,
Zhejiang,Mainland China,2020-02-06,954,0,94,
Anhui,Mainland China,2020-02-15,950,6,221,
Hunan,Mainland China,2020-02-12,946,2,304,
Jiangxi,Mainland China,2020-03-08,935,1,919,
Jiangxi,Mainland China,2020-03-10,935,1,927,
Jiangxi,Mainland China,2020-03-02,935,1,850,
Jiangxi,Mainland China,2020-03-03,935,1,870,
Jiangxi,Mainland China,2020-02-28,935,1,790,
Jiangxi,Mainland China,2020-03-04,935,1,884,
Jiangxi,Mainland China,2020-03-09,935,1,923,
Jiangxi,Mainland China,2020-03-06,935,1,909,
Jiangxi,Mainland China,2020-03-07,935,1,916,
Jiangxi,Mainland China,2020-02-29,935,1,811,
Jiangxi,Mainland China,2020-03-05,935,1,901,
Jiangxi,Mainland China,2020-03-01,935,1,831,
Jiangxi,Mainland China,2020-02-24,934,1,645,
Jiangxi,Mainland China,2020-02-26,934,1,719,
Jiangxi,Mainland China,2020-02-27,934,1,754,
Anhui,Mainland China,2020-02-14,934,6,193,
Jiangxi,Mainland China,2020-02-21,934,1,489,
Jiangxi,Mainland China,2020-02-20,934,1,433,
Jiangxi,Mainland China,2020-02-25,934,1,683,
Jiangxi,Mainland China,2020-02-22,934,1,555,
Jiangxi,Mainland China,2020-02-19,934,1,362,
Jiangxi,Mainland China,2020-02-23,934,1,613,
Jiangxi,Mainland China,2020-02-18,933,1,310,
Jiangxi,Mainland China,2020-02-17,930,1,275,
Jiangxi,Mainland China,2020-02-16,925,1,240,
Henan,Mainland China,2020-02-07,914,3,86,
Jiangxi,Mainland China,2020-02-15,913,1,210,
Hunan,Mainland China,2020-02-11,912,1,247,
Anhui,Mainland China,2020-02-13,910,5,157,
Jiangxi,Mainland China,2020-02-14,900,1,187,
Guangdong,Mainland China,2020-02-05,895,0,49,
Zhejiang,Mainland China,2020-02-05,895,0,78,
Anhui,Mainland China,2020-02-12,889,4,127,
Hunan,Mainland China,2020-02-10,879,1,208,
Jiangxi,Mainland China,2020-02-13,872,1,170,
Anhui,Mainland China,2020-02-11,860,4,105,
Henan,Mainland China,2020-02-06,851,2,56,
Jiangxi,Mainland China,2020-02-12,844,1,152,
Hunan,Mainland China,2020-02-09,838,1,186,
Anhui,Mainland China,2020-02-10,830,3,88,
Zhejiang,Mainland China,2020-02-04,829,0,62,
Guangdong,Mainland China,2020-02-04,813,0,30,
Jiangxi,Mainland China,2020-02-11,804,1,128,
Hunan,Mainland China,2020-02-08,803,1,156,
Anhui,Mainland China,2020-02-09,779,1,72,
Hunan,Mainland China,2020-02-07,772,0,112,
Jiangxi,Mainland China,2020-02-10,771,1,105,
Henan,Mainland China,2020-02-05,764,2,47,
Hubei,Mainland China,2020-01-25,761,40,32,
Shandong,Mainland China,2020-03-08,758,6,642,
Shandong,Mainland China,2020-03-10,758,6,719,
Shandong,Mainland China,2020-03-02,758,6,460,
Shandong,Mainland China,2020-03-03,758,6,511,
Shandong,Mainland China,2020-03-04,758,6,516,
Shandong,Mainland China,2020-03-09,758,6,700,
Shandong,Mainland China,2020-03-06,758,6,618,
Shandong,Mainland China,2020-03-07,758,6,627,
Shandong,Mainland China,2020-03-05,758,6,578,
Shandong,Mainland China,2020-03-01,758,6,443,
Shandong,Mainland China,2020-02-26,756,6,377,
Shandong,Mainland China,2020-02-27,756,6,387,
Shandong,Mainland China,2020-02-28,756,6,405,
Shandong,Mainland China,2020-02-25,756,6,355,
Shandong,Mainland China,2020-02-29,756,6,421,
Shandong,Mainland China,2020-02-24,755,5,343,
Shandong,Mainland China,2020-02-23,754,4,321,
Shandong,Mainland China,2020-02-22,750,4,302,
Shandong,Mainland China,2020-02-21,749,4,281,
Jiangxi,Mainland China,2020-02-09,740,0,73,
Anhui,Mainland China,2020-02-08,733,0,59,
Guangdong,Mainland China,2020-02-03,725,0,21,
Zhejiang,Mainland China,2020-02-03,724,0,43,
Hunan,Mainland China,2020-02-06,711,0,81,
Jiangxi,Mainland China,2020-02-08,698,0,55,
Henan,Mainland China,2020-02-04,675,2,27,
Anhui,Mainland China,2020-02-07,665,0,47,
Hunan,Mainland China,2020-02-05,661,0,54,
Jiangxi,Mainland China,2020-02-07,661,0,45,
Zhejiang,Mainland China,2020-02-02,661,0,32,
Guangdong,Mainland China,2020-02-02,632,0,15,
Jiangsu,Mainland China,2020-03-08,631,0,612,
Jiangsu,Mainland China,2020-03-10,631,0,627,
Jiangsu,Mainland China,2020-02-24,631,0,452,
Jiangsu,Mainland China,2020-03-02,631,0,543,
Jiangsu,Mainland China,2020-02-26,631,0,478,
Jiangsu,Mainland China,2020-02-27,631,0,498,
Jiangsu,Mainland China,2020-02-21,631,0,373,
Jiangsu,Mainland China,2020-03-03,631,0,562,
Jiangsu,Mainland China,2020-02-28,631,0,515,
Jiangsu,Mainland China,2020-03-04,631,0,577,
Jiangsu,Mainland China,2020-03-09,631,0,621,
Jiangsu,Mainland China,2020-02-20,631,0,356,
Jiangsu,Mainland China,2020-03-06,631,0,594,
Jiangsu,Mainland China,2020-02-25,631,0,458,
Jiangsu,Mainland China,2020-03-07,631,0,606,
Jiangsu,Mainland China,2020-02-22,631,0,401,
Jiangsu,Mainland China,2020-02-19,631,0,318,
Jiangsu,Mainland China,2020-02-29,631,0,523,
Jiangsu,Mainland China,2020-03-05,631,0,583,
Jiangsu,Mainland China,2020-02-23,631,0,418,
Jiangsu,Mainland China,2020-03-01,631,0,536,
Jiangsu,Mainland China,2020-02-18,629,0,280,
Jiangsu,Mainland China,2020-02-17,626,0,258,
Jiangsu,Mainland China,2020-02-16,617,0,218,
Jiangsu,Mainland China,2020-02-15,604,0,186,
Jiangxi,Mainland China,2020-02-06,600,0,37,
Zhejiang,Mainland China,2020-02-01,599,0,21,
Jiangsu,Mainland China,2020-02-14,593,0,157,
Hunan,Mainland China,2020-02-04,593,0,31,
Anhui,Mainland China,2020-02-06,591,0,34,
Chongqing,Mainland China,2020-03-08,576,6,527,
Chongqing,Mainland China,2020-03-10,576,6,547,
Chongqing,Mainland China,2020-02-24,576,6,349,
Chongqing,Mainland China,2020-03-02,576,6,469,
Chongqing,Mainland China,2020-02-26,576,6,384,
Chongqing,Mainland China,2020-02-27,576,6,401,
Chongqing,Mainland China,2020-03-03,576,6,490,
Chongqing,Mainland China,2020-02-28,576,6,422,
Chongqing,Mainland China,2020-03-04,576,6,502,
Chongqing,Mainland China,2020-03-09,576,6,542,
Chongqing,Mainland China,2020-03-06,576,6,513,
Chongqing,Mainland China,2020-02-25,576,6,372,
Chongqing,Mainland China,2020-03-07,576,6,526,
Chongqing,Mainland China,2020-02-29,576,6,438,
Chongqing,Mainland China,2020-03-05,576,6,512,
Chongqing,Mainland China,2020-03-01,576,6,450,
Chongqing,Mainland China,2020-02-23,575,6,335,
Chongqing,Mainland China,2020-02-22,573,6,328,
Chongqing,Mainland China,2020-02-21,572,6,316,
Jiangsu,Mainland China,2020-02-13,570,0,139,
Chongqing,Mainland China,2020-02-20,567,6,299,
Henan,Mainland China,2020-02-03,566,2,16,
Chongqing,Mainland China,2020-02-19,560,5,274,
Chongqing,Mainland China,2020-02-18,555,5,254,
Chongqing,Mainland China,2020-02-17,553,5,225,
Chongqing,Mainland China,2020-02-16,551,5,207,
Hubei,Mainland China,2020-01-24,549,24,31,
Jiangxi,Mainland China,2020-02-05,548,0,27,
Shandong,Mainland China,2020-02-20,546,4,254,
Chongqing,Mainland China,2020-02-15,544,5,184,
Shandong,Mainland China,2020-02-19,544,3,231,
Jiangsu,Mainland China,2020-02-12,543,0,125,
Shandong,Mainland China,2020-02-18,543,3,211,
Shandong,Mainland China,2020-02-17,541,2,191,
Sichuan,Mainland China,2020-03-08,539,3,464,
Sichuan,Mainland China,2020-03-10,539,3,478,
Sichuan,Mainland China,2020-03-09,539,3,466,
Sichuan,Mainland China,2020-03-06,539,3,442,
Sichuan,Mainland China,2020-03-07,539,3,454,
Sichuan,Mainland China,2020-03-05,539,3,425,
Sichuan,Mainland China,2020-03-02,538,3,386,
Sichuan,Mainland China,2020-03-03,538,3,394,
Sichuan,Mainland China,2020-02-28,538,3,338,
Sichuan,Mainland China,2020-03-04,538,3,406,
Sichuan,Mainland China,2020-02-29,538,3,351,
Zhejiang,Mainland China,2020-01-31,538,,14,
Sichuan,Mainland China,2020-03-01,538,3,365,
Chongqing,Mainland China,2020-02-14,537,5,152,
Shandong,Mainland China,2020-02-16,537,2,173,
Guangdong,Mainland China,2020-02-01,535,0,14,
Sichuan,Mainland China,2020-02-27,534,3,321,
Shandong,Mainland China,2020-02-15,532,2,156,
Sichuan,Mainland China,2020-02-26,531,3,307,
Anhui,Mainland China,2020-02-05,530,0,23,
Chongqing,Mainland China,2020-02-13,529,4,128,
Sichuan,Mainland China,2020-02-25,529,3,289,
Sichuan,Mainland China,2020-02-24,527,3,276,
Sichuan,Mainland China,2020-02-22,526,3,250,
Sichuan,Mainland China,2020-02-23,526,3,261,
Sichuan,Mainland China,2020-02-21,525,3,231,
Shandong,Mainland China,2020-02-14,523,2,136,
Hunan,Mainland China,2020-02-03,521,0,22,
Sichuan,Mainland China,2020-02-20,520,3,217,
Chongqing,Mainland China,2020-02-12,518,3,102,
Jiangsu,Mainland China,2020-02-11,515,0,93,
Sichuan,Mainland China,2020-02-19,514,3,188,
Shandong,Mainland China,2020-02-13,509,2,105,
Sichuan,Mainland China,2020-02-18,508,3,169,
Chongqing,Mainland China,2020-02-11,505,3,79,
Shandong,Mainland China,2020-02-12,497,2,92,
Sichuan,Mainland China,2020-02-17,495,3,156,
Henan,Mainland China,2020-02-02,493,2,10,
Jiangsu,Mainland China,2020-02-10,492,0,81,
Shandong,Mainland China,2020-02-11,487,1,80,
Chongqing,Mainland China,2020-02-10,486,2,66,
Heilongjiang,Mainland China,2020-03-08,481,13,412,
Heilongjiang,Mainland China,2020-03-10,481,13,434,
Heilongjiang,Mainland China,2020-03-09,481,13,430,
Heilongjiang,Mainland China,2020-03-06,481,13,396,
Sichuan,Mainland China,2020-02-16,481,3,131,
Heilongjiang,Mainland China,2020-03-07,481,13,403,
Heilongjiang,Mainland China,2020-03-05,481,13,379,
Heilongjiang,Mainland China,2020-02-24,480,12,227,
Heilongjiang,Mainland China,2020-03-02,480,13,356,
Heilongjiang,Mainland China,2020-02-26,480,12,249,
Heilongjiang,Mainland China,2020-02-27,480,13,270,
Heilongjiang,Mainland China,2020-03-03,480,13,366,
Heilongjiang,Mainland China,2020-02-28,480,13,283,
Anhui,Mainland China,2020-02-04,480,0,20,
Heilongjiang,Mainland China,2020-03-04,480,13,373,
Heilongjiang,Mainland China,2020-02-25,480,12,243,
Heilongjiang,Mainland China,2020-02-29,480,13,301,
Heilongjiang,Mainland China,2020-02-23,480,12,222,
Heilongjiang,Mainland China,2020-03-01,480,13,342,
Heilongjiang,Mainland China,2020-02-21,479,12,175,
Heilongjiang,Mainland China,2020-02-22,479,12,204,
Jiangxi,Mainland China,2020-02-04,476,0,20,
Heilongjiang,Mainland China,2020-02-20,476,12,136,
Sichuan,Mainland China,2020-02-15,470,1,119,
Heilongjiang,Mainland China,2020-02-19,470,12,120,
Chongqing,Mainland China,2020-02-09,468,2,51,
Jiangsu,Mainland China,2020-02-09,468,0,71,
Shandong,Mainland China,2020-02-10,466,1,66,
Heilongjiang,Mainland China,2020-02-18,464,11,111,
Sichuan,Mainland China,2020-02-14,463,1,114,
Hunan,Mainland China,2020-02-02,463,0,16,
Heilongjiang,Mainland China,2020-02-17,457,11,85,
Sichuan,Mainland China,2020-02-13,451,1,104,
Heilongjiang,Mainland China,2020-02-16,445,11,79,
Hubei,Mainland China,2020-01-22,444,17,28,
Shandong,Mainland China,2020-02-09,444,1,63,
Hubei,Mainland China,2020-01-23,444,17,28,
Jiangsu,Mainland China,2020-02-08,439,0,51,
Sichuan,Mainland China,2020-02-12,436,1,92,
Guangdong,Mainland China,2020-01-31,436,,11,
Beijing,Mainland China,2020-03-10,429,8,320,
Beijing,Mainland China,2020-03-08,428,8,308,
Beijing,Mainland China,2020-03-09,428,8,315,
Chongqing,Mainland China,2020-02-08,428,2,39,
Zhejiang,Mainland China,2020-01-30,428,,4,
Chongqing,Mainland China,2020-02-07,426,2,31,
Beijing,Mainland China,2020-03-07,426,8,303,
Heilongjiang,Mainland China,2020-02-15,425,11,68,
Beijing,Mainland China,2020-03-06,422,8,299,
Henan,Mainland China,2020-02-01,422,2,3,
Heilongjiang,Mainland China,2020-02-14,419,11,47,
Beijing,Mainland China,2020-03-04,418,8,297,
Beijing,Mainland China,2020-03-05,418,8,297,
Sichuan,Mainland China,2020-02-11,417,1,85,
Shandong,Mainland China,2020-02-08,416,0,44,
Beijing,Mainland China,2020-03-02,414,8,282,
Beijing,Mainland China,2020-03-03,414,8,288,
Beijing,Mainland China,2020-03-01,413,8,276,
Chongqing,Mainland China,2020-02-06,411,2,24,
Beijing,Mainland China,2020-02-29,411,8,271,
Beijing,Mainland China,2020-02-27,410,5,248,
Beijing,Mainland China,2020-02-28,410,7,257,
Jiangsu,Mainland China,2020-02-07,408,0,43,
Anhui,Mainland China,2020-02-03,408,0,14,
Sichuan,Mainland China,2020-02-10,405,1,80,
Beijing,Mainland China,2020-02-26,400,4,235,
Beijing,Mainland China,2020-02-25,400,4,215,
Beijing,Mainland China,2020-02-24,399,4,198,
Beijing,Mainland China,2020-02-22,399,4,178,
Beijing,Mainland China,2020-02-23,399,4,189,
Beijing,Mainland China,2020-02-21,396,4,169,
Heilongjiang,Mainland China,2020-02-13,395,9,33,
Beijing,Mainland China,2020-02-20,395,4,153,
Beijing,Mainland China,2020-02-19,393,4,145,
Jiangxi,Mainland China,2020-02-03,391,0,18,
Chongqing,Mainland China,2020-02-05,389,2,15,
Hunan,Mainland China,2020-02-01,389,0,8,
Beijing,Mainland China,2020-02-18,387,4,122,
Shandong,Mainland China,2020-02-07,386,0,37,
Sichuan,Mainland China,2020-02-09,386,1,71,
Beijing,Mainland China,2020-02-17,381,4,114,
Beijing,Mainland China,2020-02-16,380,4,108,
Heilongjiang,Mainland China,2020-02-12,378,8,31,
Beijing,Mainland China,2020-02-15,375,4,98,
Jiangsu,Mainland China,2020-02-06,373,0,34,
Beijing,Mainland China,2020-02-14,372,3,80,
Beijing,Mainland China,2020-02-13,366,3,69,
Chongqing,Mainland China,2020-02-04,366,2,9,
Sichuan,Mainland China,2020-02-08,364,1,60,
Heilongjiang,Mainland China,2020-02-11,360,8,28,
Guangdong,Mainland China,2020-01-30,354,,10,
Beijing,Mainland China,2020-02-12,352,3,56,
Henan,Mainland China,2020-01-31,352,2,3,
Shandong,Mainland China,2020-02-06,347,0,27,
Shanghai,Mainland China,2020-03-10,344,3,319,
Sichuan,Mainland China,2020-02-07,344,1,42,
Shanghai,Mainland China,2020-03-08,342,3,314,
Beijing,Mainland China,2020-02-11,342,3,48,
Shanghai,Mainland China,2020-03-09,342,3,315,
Shanghai,Mainland China,2020-03-06,342,3,306,
Shanghai,Mainland China,2020-03-07,342,3,313,
Jiangsu,Mainland China,2020-02-05,341,0,23,
Anhui,Mainland China,2020-02-02,340,0,7,
Shanghai,Mainland China,2020-03-05,339,3,303,
Shanghai,Mainland China,2020-03-03,338,3,294,
Shanghai,Mainland China,2020-03-04,338,3,298,
Beijing,Mainland China,2020-02-10,337,2,44,
Shanghai,Mainland China,2020-03-02,337,3,292,
Shanghai,Mainland China,2020-02-26,337,3,272,
Shanghai,Mainland China,2020-02-27,337,3,276,
Shanghai,Mainland China,2020-02-28,337,3,279,
Shanghai,Mainland China,2020-02-29,337,3,287,
Chongqing,Mainland China,2020-02-03,337,2,9,
Shanghai,Mainland China,2020-03-01,337,3,290,
Shanghai,Mainland China,2020-02-25,336,3,268,
Shanghai,Mainland China,2020-02-24,335,3,261,
Shanghai,Mainland China,2020-02-22,335,3,227,
Shanghai,Mainland China,2020-02-23,335,3,249,
Shanghai,Mainland China,2020-02-21,334,2,211,
Shanghai,Mainland China,2020-02-20,334,2,199,
Jiangxi,Mainland China,2020-02-02,333,0,12,
Shanghai,Mainland China,2020-02-18,333,1,177,
Shanghai,Mainland China,2020-02-19,333,2,186,
Shanghai,Mainland China,2020-02-17,333,1,161,
Hunan,Mainland China,2020-01-31,332,,2,
Heilongjiang,Mainland China,2020-02-10,331,7,30,
Shanghai,Mainland China,2020-02-16,328,1,140,
Shanghai,Mainland China,2020-02-15,326,1,124,
Beijing,Mainland China,2020-02-09,326,2,37,
Sichuan,Mainland China,2020-02-06,321,1,31,
Hebei,Mainland China,2020-03-08,318,6,307,
Hebei,Mainland China,2020-03-10,318,6,307,
Hebei,Mainland China,2020-03-02,318,6,296,
Shanghai,Mainland China,2020-02-14,318,1,90,
Hebei,Mainland China,2020-03-03,318,6,300,
Hebei,Mainland China,2020-02-28,318,6,277,
Hebei,Mainland China,2020-03-04,318,6,301,
Hebei,Mainland China,2020-03-09,318,6,307,
Hebei,Mainland China,2020-03-06,318,6,305,
Hebei,Mainland China,2020-03-07,318,6,307,
Hebei,Mainland China,2020-02-29,318,6,282,
Hebei,Mainland China,2020-03-05,318,6,304,
Hebei,Mainland China,2020-03-01,318,6,294,
Hebei,Mainland China,2020-02-27,317,6,274,
Shanghai,Mainland China,2020-02-13,315,1,62,
Beijing,Mainland China,2020-02-08,315,2,34,
Hebei,Mainland China,2020-02-26,312,6,261,
Hebei,Mainland China,2020-02-24,311,6,234,
Shanghai,Mainland China,2020-02-12,311,1,57,
Hebei,Mainland China,2020-02-25,311,6,248,
Hebei,Mainland China,2020-02-23,311,6,219,
Hebei,Mainland China,2020-02-22,309,6,203,
Hebei,Mainland China,2020-02-21,308,5,184,
Jiangsu,Mainland China,2020-02-04,308,0,12,
Shandong,Mainland China,2020-02-05,307,0,15,
Heilongjiang,Mainland China,2020-02-09,307,6,14,
Hebei,Mainland China,2020-02-20,307,5,169,
Hebei,Mainland China,2020-02-18,306,4,136,
Hebei,Mainland China,2020-02-19,306,4,152,
Shanghai,Mainland China,2020-02-11,303,1,52,
Sichuan,Mainland China,2020-02-05,301,1,24,
Hebei,Mainland China,2020-02-17,301,3,122,
Hebei,Mainland China,2020-02-16,300,3,105,
Chongqing,Mainland China,2020-02-02,300,2,7,
Shanghai,Mainland China,2020-02-10,299,1,48,
Beijing,Mainland China,2020-02-07,297,1,33,
Anhui,Mainland China,2020-02-01,297,0,5,
Fujian,Mainland China,2020-03-08,296,1,295,
Fujian,Mainland China,2020-03-10,296,1,295,
Fujian,Mainland China,2020-03-02,296,1,255,
Zhejiang,Mainland China,2020-01-29,296,,3,
Fujian,Mainland China,2020-02-27,296,1,228,
Fujian,Mainland China,2020-03-03,296,1,260,
Fujian,Mainland China,2020-02-28,296,1,235,
Fujian,Mainland China,2020-03-04,296,1,270,
Fujian,Mainland China,2020-03-09,296,1,295,
Fujian,Mainland China,2020-03-06,296,1,284,
Fujian,Mainland China,2020-03-07,296,1,295,
Fujian,Mainland China,2020-02-29,296,1,243,
Fujian,Mainland China,2020-03-05,296,1,277,
Fujian,Mainland China,2020-03-01,296,1,247,
Heilongjiang,Mainland China,2020-02-08,295,5,13,
Fujian,Mainland China,2020-02-26,294,1,218,
Fujian,Mainland China,2020-02-25,294,1,199,
Fujian,Mainland China,2020-02-24,293,1,183,
Fujian,Mainland China,2020-02-21,293,1,149,
Shanghai,Mainland China,2020-02-09,293,1,44,
Fujian,Mainland China,2020-02-20,293,1,126,
Fujian,Mainland China,2020-02-22,293,1,162,
Fujian,Mainland China,2020-02-19,293,0,112,
Fujian,Mainland China,2020-02-23,293,1,170,
Fujian,Mainland China,2020-02-18,292,0,93,
Hebei,Mainland China,2020-02-15,291,3,101,
Fujian,Mainland China,2020-02-17,290,0,90,
Fujian,Mainland China,2020-02-16,287,0,82,
Jiangxi,Mainland China,2020-02-01,286,0,9,
Shanghai,Mainland China,2020-02-08,286,1,41,
Fujian,Mainland China,2020-02-15,285,0,71,
Hebei,Mainland China,2020-02-14,283,3,87,
Sichuan,Mainland China,2020-02-04,282,1,14,
Fujian,Mainland China,2020-02-14,281,0,63,
Fujian,Mainland China,2020-02-13,279,0,57,
Henan,Mainland China,2020-01-30,278,2,2,
Guangdong,Mainland China,2020-01-29,277,,5,
Heilongjiang,Mainland China,2020-02-07,277,3,12,
Shanghai,Mainland China,2020-02-07,277,1,30,
Hunan,Mainland China,2020-01-30,277,,2,
Shandong,Mainland China,2020-02-04,275,0,11,
Beijing,Mainland China,2020-02-06,274,1,31,
Fujian,Mainland China,2020-02-12,272,0,53,
Jiangsu,Mainland China,2020-02-03,271,0,8,
Fujian,Mainland China,2020-02-11,267,0,45,
Hebei,Mainland China,2020-02-13,265,3,68,
Fujian,Mainland China,2020-02-10,261,0,39,
Shandong,Mainland China,2020-02-03,259,0,7,
Shanghai,Mainland China,2020-02-06,257,1,25,
Sichuan,Mainland China,2020-02-03,254,1,14,
Beijing,Mainland China,2020-02-05,253,1,24,
Guangxi,Mainland China,2020-03-08,252,2,223,
Guangxi,Mainland China,2020-03-10,252,2,234,
Guangxi,Mainland China,2020-03-02,252,2,192,
Guangxi,Mainland China,2020-02-26,252,2,147,
Guangxi,Mainland China,2020-02-27,252,2,161,
Guangxi,Mainland China,2020-03-03,252,2,202,
Guangxi,Mainland China,2020-02-28,252,2,168,
Guangxi,Mainland China,2020-03-04,252,2,210,
Guangxi,Mainland China,2020-03-09,252,2,230,
Guangxi,Mainland China,2020-03-06,252,2,217,
Guangxi,Mainland China,2020-02-25,252,2,134,
Guangxi,Mainland China,2020-03-07,252,2,218,
Guangxi,Mainland China,2020-02-29,252,2,176,
Guangxi,Mainland China,2020-03-05,252,2,214,
Guangxi,Mainland China,2020-03-01,252,2,181,
Guangxi,Mainland China,2020-02-24,251,2,112,
Hebei,Mainland China,2020-02-12,251,2,54,
Fujian,Mainland China,2020-02-09,250,0,35,
Guangxi,Mainland China,2020-02-22,249,2,104,
Guangxi,Mainland China,2020-02-23,249,2,106,
Chongqing,Mainland China,2020-02-01,247,1,3,
Guangxi,Mainland China,2020-02-21,246,2,97,
Shaanxi,Mainland China,2020-03-08,245,1,227,
Shaanxi,Mainland China,2020-03-10,245,1,227,
Shaanxi,Mainland China,2020-02-24,245,1,173,
Shaanxi,Mainland China,2020-03-02,245,1,216,
Shaanxi,Mainland China,2020-02-26,245,1,192,
Shaanxi,Mainland China,2020-02-27,245,1,195,
Shaanxi,Mainland China,2020-02-21,245,1,134,
Shaanxi,Mainland China,2020-03-03,245,1,216,
Shaanxi,Mainland China,2020-02-28,245,1,199,
Shaanxi,Mainland China,2020-03-04,245,1,223,
Shaanxi,Mainland China,2020-03-09,245,1,227,
Guangxi,Mainland China,2020-02-20,245,2,90,
Shaanxi,Mainland China,2020-02-20,245,1,118,
Shaanxi,Mainland China,2020-03-06,245,1,226,
Shaanxi,Mainland China,2020-02-25,245,1,186,
Shaanxi,Mainland China,2020-03-07,245,1,226,
Shaanxi,Mainland China,2020-02-22,245,1,149,
Shaanxi,Mainland China,2020-02-29,245,1,207,
Shaanxi,Mainland China,2020-03-05,245,1,224,
Shaanxi,Mainland China,2020-02-23,245,1,163,
Shaanxi,Mainland China,2020-03-01,245,1,208,
Guangxi,Mainland China,2020-02-19,244,2,86,
Shanghai,Mainland China,2020-02-05,243,1,15,
Guangxi,Mainland China,2020-02-18,242,2,69,
Shaanxi,Mainland China,2020-02-19,242,0,102,
Shaanxi,Mainland China,2020-02-18,240,0,89,
Shaanxi,Mainland China,2020-02-17,240,0,79,
Jiangxi,Mainland China,2020-01-31,240,,7,
Hebei,Mainland China,2020-02-11,239,2,48,
Fujian,Mainland China,2020-02-08,239,0,24,
Guangxi,Mainland China,2020-02-17,238,2,53,
Guangxi,Mainland China,2020-02-16,237,2,49,
Anhui,Mainland China,2020-01-31,237,,3,
Shaanxi,Mainland China,2020-02-16,236,0,71,
Jiangsu,Mainland China,2020-02-02,236,0,7,
Guangxi,Mainland China,2020-02-15,235,2,44,
Shaanxi,Mainland China,2020-02-15,232,0,60,
Sichuan,Mainland China,2020-02-02,231,1,11,
Shaanxi,Mainland China,2020-02-14,230,0,54,
Shandong,Mainland China,2020-02-02,230,0,6,
Shaanxi,Mainland China,2020-02-13,229,0,46,
Beijing,Mainland China,2020-02-04,228,1,23,
Heilongjiang,Mainland China,2020-02-06,227,3,8,
Guangxi,Mainland China,2020-02-14,226,2,36,
Shaanxi,Mainland China,2020-02-12,225,0,43,
Fujian,Mainland China,2020-02-07,224,0,20,
Guangxi,Mainland China,2020-02-13,222,2,33,
Guangxi,Mainland China,2020-02-12,222,1,32,
Hunan,Mainland China,2020-01-29,221,,,
Shaanxi,Mainland China,2020-02-11,219,0,32,
Shanghai,Mainland China,2020-02-04,219,1,12,
Hebei,Mainland China,2020-02-10,218,2,41,
Guangxi,Mainland China,2020-02-11,215,1,33,
Fujian,Mainland China,2020-02-06,215,0,14,
Shaanxi,Mainland China,2020-02-10,213,0,30,
Beijing,Mainland China,2020-02-03,212,1,12,
Chongqing,Mainland China,2020-01-31,211,,1,
Guangxi,Mainland China,2020-02-10,210,1,24,
Shaanxi,Mainland China,2020-02-09,208,0,25,
Guangdong,Mainland China,2020-01-28,207,,4,
Sichuan,Mainland China,2020-02-01,207,1,3,
Henan,Mainland China,2020-01-29,206,2,1,
Hebei,Mainland China,2020-02-09,206,2,34,
Shandong,Mainland China,2020-02-01,206,0,3,
Fujian,Mainland China,2020-02-05,205,0,11,
Shanghai,Mainland China,2020-02-03,203,1,10,
Jiangsu,Mainland China,2020-02-01,202,0,6,
Anhui,Mainland China,2020-01-30,200,,2,
Guangxi,Mainland China,2020-02-09,195,1,18,
Hebei,Mainland China,2020-02-08,195,1,30,
Shaanxi,Mainland China,2020-02-08,195,0,20,
Fujian,Mainland China,2020-02-04,194,0,3,
Beijing,Mainland China,2020-02-02,191,1,9,
Heilongjiang,Mainland China,2020-02-05,190,2,7,
Shaanxi,Mainland China,2020-02-07,184,0,17,
Shandong,Mainland China,2020-01-31,184,,2,
Guangxi,Mainland China,2020-02-08,183,0,17,
Shanghai,Mainland China,2020-02-02,182,1,10,
Chongqing,Mainland China,2020-01-30,182,,1,
Fujian,Mainland China,2020-02-03,179,0,1,
Sichuan,Mainland China,2020-01-31,177,1,1,
Yunnan,Mainland China,2020-03-08,174,2,170,
Yunnan,Mainland China,2020-03-10,174,2,170,
Yunnan,Mainland China,2020-02-24,174,2,124,
Yunnan,Mainland China,2020-03-02,174,2,168,
Yunnan,Mainland China,2020-02-26,174,2,144,
Yunnan,Mainland China,2020-02-27,174,2,150,
Yunnan,Mainland China,2020-02-21,174,2,96,
Yunnan,Mainland China,2020-03-03,174,2,169,
Yunnan,Mainland China,2020-02-28,174,2,156,
Yunnan,Mainland China,2020-03-04,174,2,169,
Yunnan,Mainland China,2020-03-09,174,2,170,
Yunnan,Mainland China,2020-02-20,174,2,79,
Yunnan,Mainland China,2020-03-06,174,2,170,
Yunnan,Mainland China,2020-02-25,174,2,129,
Yunnan,Mainland China,2020-03-07,174,2,170,
Yunnan,Mainland China,2020-02-22,174,2,107,
Yunnan,Mainland China,2020-02-29,174,2,157,
Yunnan,Mainland China,2020-03-05,174,2,169,
Yunnan,Mainland China,2020-02-23,174,2,115,
Yunnan,Mainland China,2020-03-01,174,2,163,
Shaanxi,Mainland China,2020-02-06,173,0,9,
Zhejiang,Mainland China,2020-01-28,173,,3,
Guangxi,Mainland China,2020-02-07,172,0,17,
Hebei,Mainland China,2020-02-07,172,1,22,
Yunnan,Mainland China,2020-02-18,172,0,57,
Yunnan,Mainland China,2020-02-19,172,1,60,
Yunnan,Mainland China,2020-02-16,171,0,42,
Yunnan,Mainland China,2020-02-17,171,0,47,
Shanghai,Mainland China,2020-02-01,169,1,10,
Hainan,Mainland China,2020-03-08,168,6,159,
Hainan,Mainland China,2020-03-10,168,6,159,
Hainan,Mainland China,2020-02-24,168,5,116,
Hainan,Mainland China,2020-03-02,168,5,151,
Hainan,Mainland China,2020-02-26,168,5,129,
Guangxi,Mainland China,2020-02-06,168,0,14,
Hainan,Mainland China,2020-02-27,168,5,131,
Yunnan,Mainland China,2020-02-15,168,0,42,
Henan,Mainland China,2020-01-28,168,1,,
Hainan,Mainland China,2020-02-21,168,4,95,
Hainan,Mainland China,2020-03-03,168,5,155,
Hainan,Mainland China,2020-02-28,168,5,133,
Hainan,Mainland China,2020-03-04,168,5,158,
Hainan,Mainland China,2020-03-09,168,6,159,
Hainan,Mainland China,2020-02-20,168,4,86,
Hainan,Mainland China,2020-03-06,168,6,158,
Hainan,Mainland China,2020-02-25,168,5,124,
Beijing,Mainland China,2020-02-01,168,1,9,
Hainan,Mainland China,2020-03-07,168,6,158,
Hainan,Mainland China,2020-02-22,168,4,104,
Hainan,Mainland China,2020-02-19,168,4,84,
Hainan,Mainland China,2020-02-29,168,5,148,
Jiangsu,Mainland China,2020-01-31,168,,5,
Hainan,Mainland China,2020-03-05,168,6,158,
Hainan,Mainland China,2020-02-23,168,5,106,
Hainan,Mainland China,2020-03-01,168,5,149,
Shaanxi,Mainland China,2020-02-05,165,0,6,
Hainan,Mainland China,2020-02-18,163,4,79,
Hainan,Mainland China,2020-02-17,163,4,59,
Yunnan,Mainland China,2020-02-14,162,0,36,
Hainan,Mainland China,2020-02-15,162,4,39,
Hainan,Mainland China,2020-02-16,162,4,52,
Jiangxi,Mainland China,2020-01-30,162,,5,
Hainan,Mainland China,2020-02-14,159,4,43,
Fujian,Mainland China,2020-02-02,159,0,0,
Shandong,Mainland China,2020-01-30,158,,1,
Hebei,Mainland China,2020-02-06,157,1,13,
Hainan,Mainland China,2020-02-13,157,4,30,
Hainan,Mainland China,2020-02-12,157,4,27,
Yunnan,Mainland China,2020-02-13,156,0,27,
Heilongjiang,Mainland China,2020-02-04,155,2,4,
Yunnan,Mainland China,2020-02-12,154,0,26,
Yunnan,Mainland China,2020-02-11,153,0,20,
Anhui,Mainland China,2020-01-29,152,,2,
Guangdong,Mainland China,2020-01-27,151,,4,
Guangxi,Mainland China,2020-02-05,150,0,13,
Yunnan,Mainland China,2020-02-10,149,0,19,
Chongqing,Mainland China,2020-01-29,147,,1,
Guizhou,Mainland China,2020-03-08,146,2,117,
Guizhou,Mainland China,2020-03-10,146,2,129,
Guizhou,Mainland China,2020-02-24,146,2,102,
Guizhou,Mainland China,2020-03-02,146,2,114,
Guizhou,Mainland China,2020-02-26,146,2,104,
Guizhou,Mainland China,2020-02-27,146,2,112,
Guizhou,Mainland China,2020-02-21,146,2,77,
Guizhou,Mainland China,2020-03-03,146,2,114,
Guizhou,Mainland China,2020-02-28,146,2,112,
Guizhou,Mainland China,2020-03-04,146,2,114,
Guizhou,Mainland China,2020-03-09,146,2,123,
Guizhou,Mainland China,2020-02-20,146,2,72,
Guizhou,Mainland China,2020-03-06,146,2,114,
Guizhou,Mainland China,2020-02-25,146,2,104,
Guizhou,Mainland China,2020-02-18,146,2,66,
Guizhou,Mainland China,2020-03-07,146,2,115,
Guizhou,Mainland China,2020-02-22,146,2,90,
Guizhou,Mainland China,2020-02-19,146,2,70,
Guizhou,Mainland China,2020-02-17,146,1,57,
Guizhou,Mainland China,2020-02-29,146,2,112,
Guizhou,Mainland China,2020-03-05,146,2,114,
Guizhou,Mainland China,2020-02-23,146,2,102,
Guizhou,Mainland China,2020-03-01,146,2,112,
Hainan,Mainland China,2020-02-11,144,3,20,
Guizhou,Mainland China,2020-02-16,144,1,46,
Fujian,Mainland China,2020-02-01,144,0,0,
Guizhou,Mainland China,2020-02-15,143,1,41,
Hunan,Mainland China,2020-01-28,143,,,
Shaanxi,Mainland China,2020-02-04,142,0,2,
Sichuan,Mainland China,2020-01-30,142,1,1,
Yunnan,Mainland China,2020-02-09,141,0,18,
Guizhou,Mainland China,2020-02-14,140,1,28,
Guangxi,Mainland China,2020-02-04,139,0,10,
Beijing,Mainland China,2020-01-31,139,1,5,
Hainan,Mainland China,2020-02-10,138,3,19,
Yunnan,Mainland China,2020-02-07,138,0,12,
Yunnan,Mainland China,2020-02-08,138,0,17,
Tianjin,Mainland China,2020-03-08,136,3,128,
Tianjin,Mainland China,2020-03-10,136,3,131,
Tianjin,Mainland China,2020-03-02,136,3,111,
Tianjin,Mainland China,2020-02-27,136,3,102,
Tianjin,Mainland China,2020-03-03,136,3,124,
Tianjin,Mainland China,2020-02-28,136,3,102,
Tianjin,Mainland China,2020-03-04,136,3,124,
Tianjin,Mainland China,2020-03-09,136,3,130,
Tianjin,Mainland China,2020-03-06,136,3,128,
Tianjin,Mainland China,2020-03-07,136,3,128,
Tianjin,Mainland China,2020-02-29,136,3,109,
Tianjin,Mainland China,2020-03-05,136,3,128,
Tianjin,Mainland China,2020-03-01,136,3,111,
Tianjin,Mainland China,2020-02-24,135,3,87,
Tianjin,Mainland China,2020-02-26,135,3,96,
Hebei,Mainland China,2020-02-05,135,1,6,
Guizhou,Mainland China,2020-02-13,135,1,27,
Tianjin,Mainland China,2020-02-25,135,3,91,
Tianjin,Mainland China,2020-02-22,135,3,65,
Shanghai,Mainland China,2020-01-31,135,1,9,
Tianjin,Mainland China,2020-02-23,135,3,81,
Shanxi,Mainland China,2020-03-08,133,0,126,
Shanxi,Mainland China,2020-03-10,133,0,131,
Shanxi,Mainland China,2020-02-24,133,0,94,
Shanxi,Mainland China,2020-03-02,133,0,119,
Shanxi,Mainland China,2020-02-26,133,0,104,
Yunnan,Mainland China,2020-02-06,133,0,7,
Shanxi,Mainland China,2020-02-27,133,0,107,
Shanxi,Mainland China,2020-03-03,133,0,124,
Shanxi,Mainland China,2020-02-28,133,0,112,
Shanxi,Mainland China,2020-03-04,133,0,124,
Shanxi,Mainland China,2020-03-09,133,0,127,
Guizhou,Mainland China,2020-02-12,133,1,18,
Shanxi,Mainland China,2020-03-06,133,0,126,
Shanxi,Mainland China,2020-02-25,133,0,98,
Shanxi,Mainland China,2020-03-07,133,0,126,
Shanxi,Mainland China,2020-02-29,133,0,114,
Shanxi,Mainland China,2020-03-05,133,0,126,
Shanxi,Mainland China,2020-03-01,133,0,116,
Chongqing,Mainland China,2020-01-28,132,,,
Shanxi,Mainland China,2020-02-21,132,0,78,
Tianjin,Mainland China,2020-02-21,132,3,62,
Shanxi,Mainland China,2020-02-20,132,0,76,
Shanxi,Mainland China,2020-02-22,132,0,81,
Shanxi,Mainland China,2020-02-23,132,0,88,
Hainan,Mainland China,2020-02-09,131,3,19,
Tianjin,Mainland China,2020-02-20,131,3,59,
Shanxi,Mainland China,2020-02-18,131,0,61,
Shanxi,Mainland China,2020-02-19,131,0,68,
Shandong,Mainland China,2020-01-29,130,,1,
Tianjin,Mainland China,2020-02-19,130,3,54,
Shanxi,Mainland China,2020-02-17,130,0,53,
Shanxi,Mainland China,2020-02-16,129,0,50,
Jiangsu,Mainland China,2020-01-30,129,,1,
Shanxi,Mainland China,2020-02-15,128,0,46,
Yunnan,Mainland China,2020-02-05,128,0,5,
Tianjin,Mainland China,2020-02-18,128,3,48,
Zhejiang,Mainland China,2020-01-27,128,,1,
Henan,Mainland China,2020-01-27,128,1,,
Shaanxi,Mainland China,2020-02-03,128,0,0,
Guizhou,Mainland China,2020-02-11,127,1,17,
Shanxi,Mainland China,2020-02-14,127,0,38,
Guangxi,Mainland China,2020-02-03,127,0,7,
Shanxi,Mainland China,2020-02-13,126,0,36,
Hebei,Mainland China,2020-02-04,126,1,4,
Shanxi,Mainland China,2020-02-12,126,0,33,
Liaoning,Mainland China,2020-03-08,125,1,109,
Gansu,Mainland China,2020-03-10,125,2,88,
Liaoning,Mainland China,2020-03-10,125,1,111,
Liaoning,Mainland China,2020-03-03,125,1,106,
Liaoning,Mainland China,2020-03-04,125,1,106,
Liaoning,Mainland China,2020-03-09,125,1,109,
Liaoning,Mainland China,2020-03-06,125,1,106,
Liaoning,Mainland China,2020-03-07,125,1,107,
Tianjin,Mainland China,2020-02-17,125,3,46,
Liaoning,Mainland China,2020-03-05,125,1,106,
Gansu,Mainland China,2020-03-08,124,2,87,
Shanxi,Mainland China,2020-02-11,124,0,30,
Gansu,Mainland China,2020-03-09,124,2,88,
Tianjin,Mainland China,2020-02-16,124,3,45,
Hainan,Mainland China,2020-02-08,124,2,14,
Liaoning,Mainland China,2020-03-02,122,1,103,
Tianjin,Mainland China,2020-02-15,122,3,37,
Yunnan,Mainland China,2020-02-04,122,0,5,
Liaoning,Mainland China,2020-03-01,122,1,103,
Liaoning,Mainland China,2020-02-24,121,1,80,
Liaoning,Mainland China,2020-02-26,121,1,88,
Liaoning,Mainland China,2020-02-27,121,1,93,
Liaoning,Mainland China,2020-02-21,121,1,61,
Liaoning,Mainland China,2020-02-28,121,1,93,
Liaoning,Mainland China,2020-02-20,121,1,59,
Liaoning,Mainland China,2020-02-25,121,1,83,
Liaoning,Mainland China,2020-02-16,121,1,40,
Liaoning,Mainland China,2020-02-18,121,1,53,
Liaoning,Mainland China,2020-02-22,121,1,66,
Liaoning,Mainland China,2020-02-19,121,1,55,
Liaoning,Mainland China,2020-02-17,121,1,43,
Liaoning,Mainland China,2020-02-29,121,1,96,
Heilongjiang,Mainland China,2020-02-03,121,2,2,
Liaoning,Mainland China,2020-02-23,121,1,73,
Tianjin,Mainland China,2020-02-14,120,3,31,
Gansu,Mainland China,2020-03-07,120,2,87,
Fujian,Mainland China,2020-01-31,120,,,
Shanxi,Mainland China,2020-02-10,119,0,25,
Liaoning,Mainland China,2020-02-14,119,1,29,
Liaoning,Mainland China,2020-02-15,119,1,31,
Tianjin,Mainland China,2020-02-13,119,3,21,
Shanxi,Mainland China,2020-02-09,119,0,25,
Gansu,Mainland China,2020-03-06,119,2,87,
Hainan,Mainland China,2020-02-07,117,2,10,
Liaoning,Mainland China,2020-02-13,117,1,22,
Yunnan,Mainland China,2020-02-03,117,0,5,
Liaoning,Mainland China,2020-02-12,116,1,20,
Shaanxi,Mainland China,2020-02-02,116,0,0,
Shanxi,Mainland China,2020-02-08,115,0,21,
Beijing,Mainland China,2020-01-30,114,1,4,
Hebei,Mainland China,2020-02-03,113,1,3,
Tianjin,Mainland China,2020-02-12,112,2,11,
Shanghai,Mainland China,2020-01-30,112,1,5,
Liaoning,Mainland China,2020-02-11,111,0,19,
Beijing,Mainland China,2020-01-29,111,1,4,
Guangdong,Mainland China,2020-01-26,111,,2,
Guangxi,Mainland China,2020-02-02,111,0,2,
Chongqing,Mainland China,2020-01-27,110,,,
Guizhou,Mainland China,2020-02-10,109,1,10,
Jiangxi,Mainland China,2020-01-29,109,,3,
Jiangxi,Mainland China,2020-01-28,109,,3,
Liaoning,Mainland China,2020-02-10,108,0,13,
Sichuan,Mainland China,2020-01-29,108,1,1,
Liaoning,Mainland China,2020-02-09,107,0,12,
Tianjin,Mainland China,2020-02-11,106,2,10,
Hainan,Mainland China,2020-02-06,106,1,8,
Anhui,Mainland China,2020-01-28,106,,,
Yunnan,Mainland China,2020-02-02,105,0,3,
Liaoning,Mainland China,2020-02-08,105,0,8,
Zhejiang,Mainland China,2020-01-26,104,,1,
Shanxi,Mainland China,2020-02-07,104,0,15,
Hebei,Mainland China,2020-02-02,104,1,3,
Gansu,Mainland China,2020-03-05,102,2,87,
Shaanxi,Mainland China,2020-02-01,101,0,0,
Fujian,Mainland China,2020-01-30,101,,,
Guangxi,Mainland China,2020-02-01,100,0,2,
Hunan,Mainland China,2020-01-27,100,,,
Jiangsu,Mainland China,2020-01-29,99,,1,
Hainan,Mainland China,2020-02-05,99,1,5,
Liaoning,Mainland China,2020-02-07,99,0,7,
Guizhou,Mainland China,2020-02-09,99,1,7,
Shanxi,Mainland China,2020-02-06,96,0,12,
Shanghai,Mainland China,2020-01-29,96,1,5,
Hebei,Mainland China,2020-02-01,96,1,0,
Tianjin,Mainland China,2020-02-10,95,1,8,
Shandong,Mainland China,2020-01-28,95,,,
Heilongjiang,Mainland China,2020-02-02,95,2,2,
Liaoning,Mainland China,2020-02-06,94,0,5,
Jilin,Mainland China,2020-03-08,93,1,90,
Jilin,Mainland China,2020-03-10,93,1,91,
Jilin,Mainland China,2020-02-24,93,1,60,
Jilin,Mainland China,2020-03-02,93,1,83,
Jilin,Mainland China,2020-02-26,93,1,65,
Jilin,Mainland China,2020-02-27,93,1,67,
Jilin,Mainland China,2020-03-03,93,1,83,
Jilin,Mainland China,2020-02-28,93,1,73,
Jilin,Mainland China,2020-03-04,93,1,86,
Jilin,Mainland China,2020-03-09,93,1,91,
Jilin,Mainland China,2020-03-06,93,1,90,
Jilin,Mainland China,2020-02-25,93,1,63,
Yunnan,Mainland China,2020-02-01,93,0,2,
Jilin,Mainland China,2020-03-07,93,1,90,
Jilin,Mainland China,2020-02-29,93,1,75,
Jilin,Mainland China,2020-03-05,93,1,88,
Jilin,Mainland China,2020-03-01,93,1,78,
Gansu,Mainland China,2020-02-24,91,2,80,
Gansu,Mainland China,2020-03-02,91,2,85,
Gansu,Mainland China,2020-02-26,91,2,81,
Gansu,Mainland China,2020-02-27,91,2,81,
Beijing,Mainland China,2020-01-28,91,1,4,
Gansu,Mainland China,2020-02-21,91,2,76,
Jilin,Mainland China,2020-02-21,91,1,45,
Gansu,Mainland China,2020-03-03,91,2,86,
Gansu,Mainland China,2020-02-28,91,2,82,
Gansu,Mainland China,2020-03-04,91,2,87,
Tianjin,Mainland China,2020-02-09,91,1,4,
Gansu,Mainland China,2020-02-20,91,2,71,
Jilin,Mainland China,2020-02-20,91,1,43,
Gansu,Mainland China,2020-02-25,91,2,80,
Gansu,Mainland China,2020-02-18,91,2,62,
Gansu,Mainland China,2020-02-22,91,2,76,
Jilin,Mainland China,2020-02-22,91,1,52,
Gansu,Mainland China,2020-02-19,91,2,65,
Gansu,Mainland China,2020-02-17,91,2,58,
Gansu,Mainland China,2020-02-29,91,2,82,
Gansu,Mainland China,2020-02-23,91,2,78,
Jilin,Mainland China,2020-02-23,91,1,54,
Gansu,Mainland China,2020-03-01,91,2,84,
Gansu,Mainland China,2020-02-14,90,2,39,
Gansu,Mainland China,2020-02-15,90,2,49,
Sichuan,Mainland China,2020-01-28,90,,,
Gansu,Mainland China,2020-02-13,90,2,39,
Gansu,Mainland China,2020-02-16,90,2,54,
Jilin,Mainland China,2020-02-19,90,1,37,
Liaoning,Mainland China,2020-02-05,89,0,4,
Jilin,Mainland China,2020-02-16,89,1,30,
Jilin,Mainland China,2020-02-18,89,1,36,
Jilin,Mainland China,2020-02-17,89,1,34,
Guizhou,Mainland China,2020-02-08,89,1,7,
Jilin,Mainland China,2020-02-15,88,1,26,
Tianjin,Mainland China,2020-02-08,88,1,4,
Gansu,Mainland China,2020-02-12,87,2,31,
Guangxi,Mainland China,2020-01-31,87,,2,
Shaanxi,Mainland China,2020-01-31,87,,,
Gansu,Mainland China,2020-02-11,86,2,24,
Jilin,Mainland China,2020-02-14,86,1,25,
Fujian,Mainland China,2020-01-29,84,,,
Jilin,Mainland China,2020-02-13,84,1,24,
Gansu,Mainland China,2020-02-10,83,2,17,
Henan,Mainland China,2020-01-26,83,1,,
Gansu,Mainland China,2020-02-09,83,2,16,
Jilin,Mainland China,2020-02-12,83,1,22,
Yunnan,Mainland China,2020-01-31,83,,1,
Hebei,Mainland China,2020-01-31,82,1,,
Jilin,Mainland China,2020-02-11,81,1,18,
Shanxi,Mainland China,2020-02-05,81,0,5,
Guizhou,Mainland China,2020-02-07,81,1,6,
Tianjin,Mainland China,2020-02-07,81,1,2,
Liaoning,Mainland China,2020-02-04,81,0,2,
Shanxi,Mainland China,2020-02-04,81,0,4,
Jilin,Mainland China,2020-02-10,80,1,13,
Fujian,Mainland China,2020-01-28,80,,,
Hainan,Mainland China,2020-02-04,80,1,5,
Heilongjiang,Mainland China,2020-02-01,80,2,2,
Beijing,Mainland China,2020-01-27,80,1,2,
Tianjin,Mainland China,2020-02-06,79,1,2,
Gansu,Mainland China,2020-02-08,79,1,12,
Jilin,Mainland China,2020-02-09,78,1,12,
Guangdong,Mainland China,2020-01-25,78,,2,
Guangxi,Mainland China,2020-01-30,78,,2,
Xinjiang,Mainland China,2020-03-08,76,3,73,
Xinjiang,Mainland China,2020-03-10,76,3,73,
Xinjiang,Mainland China,2020-02-24,76,2,30,
Xinjiang,Mainland China,2020-03-02,76,3,66,
Xinjiang,Mainland China,2020-02-26,76,2,34,
Xinjiang,Mainland China,2020-02-27,76,2,43,
Xinjiang,Mainland China,2020-02-21,76,1,24,
Xinjiang,Mainland China,2020-03-03,76,3,68,
Xinjiang,Mainland China,2020-02-28,76,3,52,
Xinjiang,Mainland China,2020-03-04,76,3,69,
Xinjiang,Mainland China,2020-03-09,76,3,73,
Xinjiang,Mainland China,2020-02-20,76,1,22,
Xinjiang,Mainland China,2020-03-06,76,3,71,
Xinjiang,Mainland China,2020-02-25,76,2,30,
Xinjiang,Mainland China,2020-02-18,76,1,12,
Xinjiang,Mainland China,2020-03-07,76,3,72,
Xinjiang,Mainland China,2020-02-22,76,2,25,
Xinjiang,Mainland China,2020-02-19,76,1,20,
Xinjiang,Mainland China,2020-02-29,76,3,62,
Xinjiang,Mainland China,2020-03-05,76,3,70,
Xinjiang,Mainland China,2020-02-23,76,2,28,
Xinjiang,Mainland China,2020-03-01,76,3,64,
Inner Mongolia,Mainland China,2020-03-08,75,1,70,
Ningxia,Mainland China,2020-03-08,75,0,71,
Inner Mongolia,Mainland China,2020-03-10,75,1,70,
Ningxia,Mainland China,2020-03-10,75,0,71,
Inner Mongolia,Mainland China,2020-02-24,75,0,34,
Inner Mongolia,Mainland China,2020-03-02,75,0,54,
Inner Mongolia,Mainland China,2020-02-26,75,0,38,
Inner Mongolia,Mainland China,2020-02-27,75,0,43,
Chongqing,Mainland China,2020-01-26,75,,,
Inner Mongolia,Mainland China,2020-02-21,75,0,17,
Inner Mongolia,Mainland China,2020-03-03,75,1,59,
Inner Mongolia,Mainland China,2020-02-28,75,0,45,
Inner Mongolia,Mainland China,2020-03-04,75,1,63,
Ningxia,Mainland China,2020-03-04,75,0,69,
Inner Mongolia,Mainland China,2020-03-09,75,1,70,
Ningxia,Mainland China,2020-03-09,75,0,71,
Inner Mongolia,Mainland China,2020-02-20,75,0,16,
Inner Mongolia,Mainland China,2020-03-06,75,1,65,
Ningxia,Mainland China,2020-03-06,75,0,71,
Inner Mongolia,Mainland China,2020-02-25,75,0,35,
Inner Mongolia,Mainland China,2020-03-07,75,1,67,
Ningxia,Mainland China,2020-03-07,75,0,71,
Inner Mongolia,Mainland China,2020-02-22,75,0,26,
Inner Mongolia,Mainland China,2020-02-19,75,0,10,
Shandong,Mainland China,2020-01-27,75,,,
Xinjiang,Mainland China,2020-02-17,75,1,12,
Inner Mongolia,Mainland China,2020-02-29,75,0,49,
Inner Mongolia,Mainland China,2020-03-05,75,1,65,
Ningxia,Mainland China,2020-03-05,75,0,69,
Inner Mongolia,Mainland China,2020-02-23,75,0,27,
Inner Mongolia,Mainland China,2020-03-01,75,0,52,
Ningxia,Mainland China,2020-03-02,74,0,69,
Ningxia,Mainland China,2020-03-03,74,0,69,
Liaoning,Mainland China,2020-02-03,74,0,1,
Shanxi,Mainland China,2020-02-03,74,0,2,
Inner Mongolia,Mainland China,2020-02-18,73,0,8,
Ningxia,Mainland China,2020-02-29,73,0,69,
Ningxia,Mainland China,2020-03-01,73,0,69,
Ningxia,Mainland China,2020-02-27,72,0,68,
Ningxia,Mainland China,2020-02-28,72,0,68,
Jiangxi,Mainland China,2020-01-27,72,,2,
Inner Mongolia,Mainland China,2020-02-17,72,0,8,
Hainan,Mainland China,2020-02-03,72,1,4,
Ningxia,Mainland China,2020-02-24,71,0,58,
Ningxia,Mainland China,2020-02-26,71,0,65,
Guizhou,Mainland China,2020-02-06,71,1,6,
Ningxia,Mainland China,2020-02-21,71,0,48,
Ningxia,Mainland China,2020-02-20,71,0,44,
Ningxia,Mainland China,2020-02-25,71,0,61,
Xinjiang,Mainland China,2020-02-16,71,1,12,
Ningxia,Mainland China,2020-02-22,71,0,48,
Ningxia,Mainland China,2020-02-19,71,0,42,
Ningxia,Mainland China,2020-02-23,71,0,56,
Ningxia,Mainland China,2020-02-15,70,0,33,
Xinjiang,Mainland China,2020-02-15,70,1,10,
Jiangsu,Mainland China,2020-01-28,70,,1,
Inner Mongolia,Mainland China,2020-02-16,70,0,8,
Ningxia,Mainland China,2020-02-16,70,0,33,
Liaoning,Mainland China,2020-02-02,70,0,1,
Ningxia,Mainland China,2020-02-18,70,0,42,
Anhui,Mainland China,2020-01-27,70,,,
Ningxia,Mainland China,2020-02-17,70,0,35,
Yunnan,Mainland China,2020-01-30,70,,,
Hunan,Mainland China,2020-01-26,69,,,
Tianjin,Mainland China,2020-02-05,69,1,2,
Sichuan,Mainland China,2020-01-27,69,,,
Jilin,Mainland China,2020-02-08,69,1,4,
Beijing,Mainland China,2020-01-26,68,,2,
Inner Mongolia,Mainland China,2020-02-15,68,0,7,
Ningxia,Mainland China,2020-02-14,67,0,24,
Gansu,Mainland China,2020-02-07,67,0,9,
Tianjin,Mainland China,2020-02-04,67,0,2,
Shanghai,Mainland China,2020-01-28,66,1,4,
Shanxi,Mainland China,2020-02-02,66,0,3,
Inner Mongolia,Mainland China,2020-02-14,65,0,6,
Xinjiang,Mainland China,2020-02-14,65,1,6,
Jilin,Mainland China,2020-02-07,65,1,4,
Hebei,Mainland China,2020-01-30,65,1,,
Guizhou,Mainland China,2020-02-05,64,1,9,
Ningxia,Mainland China,2020-02-13,64,0,24,
Hainan,Mainland China,2020-02-02,64,1,4,
Liaoning,Mainland China,2020-02-01,64,0,1,
Xinjiang,Mainland China,2020-02-13,63,1,6,
Shaanxi,Mainland China,2020-01-30,63,,,
Gansu,Mainland China,2020-02-06,62,0,6,
Gansu,Mainland China,2020-02-05,62,0,6,
Hainan,Mainland China,2020-02-01,62,1,1,
Zhejiang,Mainland China,2020-01-25,62,,1,
Inner Mongolia,Mainland China,2020-02-13,61,0,6,
Anhui,Mainland China,2020-01-26,60,,,
Inner Mongolia,Mainland China,2020-02-12,60,0,6,
Tianjin,Mainland China,2020-02-03,60,0,1,
Jilin,Mainland China,2020-02-06,59,0,4,
Xinjiang,Mainland China,2020-02-12,59,0,3,
Fujian,Mainland China,2020-01-27,59,,,
Heilongjiang,Mainland China,2020-01-31,59,2,,
Inner Mongolia,Mainland China,2020-02-11,58,0,5,
Inner Mongolia,Mainland China,2020-02-10,58,0,5,
Guangxi,Mainland China,2020-01-29,58,,2,
Guizhou,Mainland China,2020-02-04,58,0,2,
Ningxia,Mainland China,2020-02-12,58,0,24,
Gansu,Mainland China,2020-02-04,57,0,4,
Chongqing,Mainland China,2020-01-25,57,,,
Shaanxi,Mainland China,2020-01-29,56,,,
Xinjiang,Mainland China,2020-02-11,55,0,3,
Yunnan,Mainland China,2020-01-29,55,,,
Gansu,Mainland China,2020-02-03,55,0,3,
Jilin,Mainland China,2020-02-05,54,0,2,
Inner Mongolia,Mainland China,2020-02-09,54,0,5,
Ningxia,Mainland China,2020-02-11,53,0,22,
Shanghai,Mainland China,2020-01-27,53,1,3,
Guangdong,Mainland China,2020-01-24,53,,2,
Hainan,Mainland China,2020-01-31,52,1,1,
Inner Mongolia,Mainland China,2020-02-08,52,0,5,
Guangxi,Mainland China,2020-01-28,51,,2,
Gansu,Mainland China,2020-02-02,51,0,3,
Inner Mongolia,Mainland China,2020-02-07,50,0,5,
Ningxia,Mainland China,2020-02-10,49,0,13,
Xinjiang,Mainland China,2020-02-10,49,0,0,
Hebei,Mainland China,2020-01-29,48,1,,
Tianjin,Mainland China,2020-02-02,48,0,1,
Liaoning,Mainland China,2020-01-31,48,,1,
Shanxi,Mainland China,2020-02-01,47,0,1,
Jiangsu,Mainland China,2020-01-27,47,,1,
Inner Mongolia,Mainland China,2020-02-06,46,0,4,
Shandong,Mainland China,2020-01-26,46,,,
Shaanxi,Mainland China,2020-01-28,46,,,
Guangxi,Mainland China,2020-01-27,46,,,
Hainan,Mainland China,2020-01-30,46,1,1,
Guizhou,Mainland China,2020-02-03,46,0,2,
Ningxia,Mainland China,2020-02-09,45,0,13,
Xinjiang,Mainland China,2020-02-09,45,0,0,
Ningxia,Mainland China,2020-02-08,45,0,15,
Sichuan,Mainland China,2020-01-26,44,,,
Yunnan,Mainland China,2020-01-28,44,,,
Heilongjiang,Mainland China,2020-01-30,44,2,,
Hainan,Mainland China,2020-01-29,43,1,,
Ningxia,Mainland China,2020-02-07,43,0,5,
Hunan,Mainland China,2020-01-25,43,,,
Zhejiang,Mainland China,2020-01-24,43,,1,
Inner Mongolia,Mainland China,2020-02-05,42,0,3,
Jilin,Mainland China,2020-02-04,42,0,1,
Xinjiang,Mainland China,2020-02-08,42,0,0,
Tianjin,Mainland China,2020-02-01,41,0,0,
Beijing,Mainland China,2020-01-25,41,,2,
Liaoning,Mainland China,2020-01-30,41,,1,
Ningxia,Mainland China,2020-02-06,40,0,1,
Shanghai,Mainland China,2020-01-26,40,1,1,
Hainan,Mainland China,2020-01-28,40,1,,
Gansu,Mainland China,2020-02-01,40,0,0,
Liaoning,Mainland China,2020-01-29,39,,1,
Xinjiang,Mainland China,2020-02-07,39,0,0,
Anhui,Mainland China,2020-01-25,39,,,
Shanxi,Mainland China,2020-01-31,39,,1,
Heilongjiang,Mainland China,2020-01-29,38,1,,
Guizhou,Mainland China,2020-02-02,38,0,2,
Xinjiang,Mainland China,2020-02-06,36,0,0,
Guangxi,Mainland China,2020-01-26,36,,,
Jiangxi,Mainland China,2020-01-26,36,,,
Beijing,Mainland China,2020-01-24,36,,1,
Fujian,Mainland China,2020-01-26,35,,,
Inner Mongolia,Mainland China,2020-02-04,35,0,1,
Shaanxi,Mainland China,2020-01-27,35,,,
Shanxi,Mainland China,2020-01-30,35,,1,
Ningxia,Mainland China,2020-02-05,34,0,1,
Liaoning,Mainland China,2020-01-28,34,,,
Ningxia,Mainland China,2020-02-04,34,0,1,
Inner Mongolia,Mainland China,2020-02-03,34,0,1,
Jiangsu,Mainland China,2020-01-26,33,,1,
Hebei,Mainland China,2020-01-28,33,1,,
Heilongjiang,Mainland China,2020-01-28,33,1,,
Shanghai,Mainland China,2020-01-25,33,,1,
Hainan,Mainland China,2020-01-27,33,1,,
Xinjiang,Mainland China,2020-02-05,32,0,0,
Henan,Mainland China,2020-01-25,32,,,
Tianjin,Mainland China,2020-01-31,32,,,
Guangdong,Mainland China,2020-01-23,32,,2,
Tianjin,Mainland China,2020-01-30,31,,,
Jilin,Mainland China,2020-02-03,31,0,1,
Ningxia,Mainland China,2020-02-03,31,0,1,
Xinjiang,Mainland China,2020-02-04,29,0,0,
Guizhou,Mainland China,2020-02-01,29,0,2,
Guizhou,Mainland China,2020-01-31,29,,2,
Gansu,Mainland China,2020-01-31,29,,,
Ningxia,Mainland China,2020-02-02,28,0,0,
Sichuan,Mainland China,2020-01-25,28,,,
Tianjin,Mainland China,2020-01-29,27,,,
Shanxi,Mainland China,2020-01-29,27,,1,
Shanxi,Mainland China,2020-01-28,27,,,
Inner Mongolia,Mainland China,2020-02-02,27,0,1,
Shandong,Mainland China,2020-01-25,27,,,
Liaoning,Mainland China,2020-01-27,27,,,
Chongqing,Mainland China,2020-01-24,27,,,
Zhejiang,Mainland China,2020-01-23,27,,,
Guangdong,Mainland China,2020-01-22,26,,,
Ningxia,Mainland China,2020-02-01,26,0,0,
Yunnan,Mainland China,2020-01-27,26,,,
Gansu,Mainland China,2020-01-30,26,,,
Gansu,Mainland China,2020-01-29,24,,,
Tianjin,Mainland China,2020-01-28,24,,,
Hunan,Mainland China,2020-01-24,24,,,
Xinjiang,Mainland China,2020-02-03,24,0,0,
Jilin,Mainland China,2020-02-02,23,0,1,
Inner Mongolia,Mainland China,2020-02-01,23,0,1,
Guangxi,Mainland China,2020-01-25,23,,,
Tianjin,Mainland China,2020-01-27,23,,,
Guangxi,Mainland China,2020-01-24,23,,,
Hainan,Mainland China,2020-01-26,22,,,
Shaanxi,Mainland China,2020-01-26,22,,,
Beijing,Mainland China,2020-01-23,22,,,
Liaoning,Mainland China,2020-01-26,21,,,
Xinjiang,Mainland China,2020-02-02,21,0,0,
Heilongjiang,Mainland China,2020-01-27,21,1,,
Ningxia,Mainland China,2020-01-31,21,,,
Shanghai,Mainland China,2020-01-24,20,,1,
Inner Mongolia,Mainland China,2020-01-31,20,,1,
Gansu,Mainland China,2020-01-28,19,,,
Hainan,Mainland China,2020-01-25,19,,,
Inner Mongolia,Mainland China,2020-01-30,19,,,
Qinghai,Mainland China,2020-03-08,18,0,18,
Qinghai,Mainland China,2020-03-10,18,0,18,
Qinghai,Mainland China,2020-02-11,18,0,5,
Qinghai,Mainland China,2020-02-24,18,0,18,
Qinghai,Mainland China,2020-02-10,18,0,3,
Qinghai,Mainland China,2020-03-02,18,0,18,
Qinghai,Mainland China,2020-02-26,18,0,18,
Qinghai,Mainland China,2020-02-06,18,0,3,
Qinghai,Mainland China,2020-02-27,18,0,18,
Qinghai,Mainland China,2020-02-14,18,0,11,
Qinghai,Mainland China,2020-02-15,18,0,13,
Qinghai,Mainland China,2020-02-21,18,0,18,
Qinghai,Mainland China,2020-03-03,18,0,18,
Qinghai,Mainland China,2020-02-07,18,0,3,
Qinghai,Mainland China,2020-02-13,18,0,11,
Qinghai,Mainland China,2020-02-28,18,0,18,
Qinghai,Mainland China,2020-03-04,18,0,18,
Qinghai,Mainland China,2020-02-09,18,0,3,
Qinghai,Mainland China,2020-03-09,18,0,18,
Qinghai,Mainland China,2020-02-20,18,0,16,
Qinghai,Mainland China,2020-02-12,18,0,9,
Qinghai,Mainland China,2020-03-06,18,0,18,
Qinghai,Mainland China,2020-02-25,18,0,18,
Qinghai,Mainland China,2020-02-16,18,0,13,
Xinjiang,Mainland China,2020-02-01,18,0,0,
Jiangxi,Mainland China,2020-01-25,18,,,
Fujian,Mainland China,2020-01-25,18,,,
Jiangsu,Mainland China,2020-01-25,18,,1,
Qinghai,Mainland China,2020-02-18,18,0,15,
Qinghai,Mainland China,2020-03-07,18,0,18,
Qinghai,Mainland China,2020-02-22,18,0,18,
Qinghai,Mainland China,2020-02-19,18,0,16,
Hebei,Mainland China,2020-01-27,18,1,,
Qinghai,Mainland China,2020-02-17,18,0,13,
Qinghai,Mainland China,2020-02-29,18,0,18,
Jiangxi,Mainland China,2020-01-24,18,,,
Qinghai,Mainland China,2020-02-08,18,0,3,
Qinghai,Mainland China,2020-03-05,18,0,18,
Qinghai,Mainland China,2020-02-23,18,0,18,
Qinghai,Mainland China,2020-03-01,18,0,18,
Qinghai,Mainland China,2020-02-05,17,0,3,
Jilin,Mainland China,2020-02-01,17,0,1,
Liaoning,Mainland China,2020-01-25,17,,,
Xinjiang,Mainland China,2020-01-31,17,,,
Ningxia,Mainland China,2020-01-30,17,,,
Inner Mongolia,Mainland China,2020-01-29,16,,,
Yunnan,Mainland China,2020-01-26,16,,,
Shanghai,Mainland China,2020-01-23,16,,,
Heilongjiang,Mainland China,2020-01-26,15,1,,
Inner Mongolia,Mainland China,2020-01-28,15,,,
Qinghai,Mainland China,2020-02-04,15,0,0,
Shaanxi,Mainland China,2020-01-25,15,,,
Sichuan,Mainland China,2020-01-24,15,,,
Shandong,Mainland China,2020-01-24,15,,,
Anhui,Mainland China,2020-01-24,15,,,
Beijing,Mainland China,2020-01-22,14,,,
Tianjin,Mainland China,2020-01-26,14,,,
Gansu,Mainland China,2020-01-27,14,,,
Jilin,Mainland China,2020-01-31,14,,1,
Jilin,Mainland China,2020-01-30,14,,1,
Xinjiang,Mainland China,2020-01-30,14,,,
Xinjiang,Mainland China,2020-01-29,13,,,
Hebei,Mainland China,2020-01-26,13,1,,
Shanxi,Mainland China,2020-01-27,13,,,
Qinghai,Mainland China,2020-02-03,13,0,0,
Ningxia,Mainland China,2020-01-29,12,,,
Guizhou,Mainland China,2020-01-30,12,,1,
Ningxia,Mainland China,2020-01-28,11,,,
Qinghai,Mainland China,2020-02-02,11,0,0,
Yunnan,Mainland China,2020-01-25,11,,,
Inner Mongolia,Mainland China,2020-01-27,11,,,
Zhejiang,Mainland China,2020-01-22,10,,,
Xinjiang,Mainland China,2020-01-28,10,,,
Tianjin,Mainland China,2020-01-25,10,,,
Fujian,Mainland China,2020-01-24,10,,,
Guizhou,Mainland China,2020-01-29,9,,1,
Jilin,Mainland China,2020-01-29,9,,,
Shanghai,Mainland China,2020-01-22,9,,,
Shanxi,Mainland China,2020-01-26,9,,,
Guizhou,Mainland China,2020-01-28,9,,,
Qinghai,Mainland China,2020-02-01,9,0,0,
Heilongjiang,Mainland China,2020-01-25,9,1,,
Henan,Mainland China,2020-01-24,9,,,
Jiangsu,Mainland China,2020-01-24,9,,,
Anhui,Mainland China,2020-01-23,9,,,
Chongqing,Mainland China,2020-01-23,9,,,
Hunan,Mainland China,2020-01-23,9,,,
Jilin,Mainland China,2020-01-28,8,,,
Hebei,Mainland China,2020-01-25,8,1,,
Hainan,Mainland China,2020-01-24,8,,,
Tianjin,Mainland China,2020-01-24,8,,,
Qinghai,Mainland China,2020-01-31,8,,,
Qinghai,Mainland China,2020-01-30,8,,,
Sichuan,Mainland China,2020-01-23,8,,,
Inner Mongolia,Mainland China,2020-01-26,7,,,
Gansu,Mainland China,2020-01-26,7,,,
Inner Mongolia,Mainland China,2020-01-25,7,,,
Guizhou,Mainland China,2020-01-27,7,,,
Ningxia,Mainland China,2020-01-27,7,,,
Jiangxi,Mainland China,2020-01-23,7,,,
Qinghai,Mainland China,2020-01-29,6,,,
Chongqing,Mainland China,2020-01-22,6,,,
Qinghai,Mainland China,2020-01-28,6,,,
Shanxi,Mainland China,2020-01-25,6,,,
Jilin,Mainland China,2020-01-27,6,,,
Qinghai,Mainland China,2020-01-27,6,,,
Shandong,Mainland China,2020-01-23,6,,,
Henan,Mainland China,2020-01-22,5,,,
Sichuan,Mainland China,2020-01-22,5,,,
Guizhou,Mainland China,2020-01-26,5,,,
Xinjiang,Mainland China,2020-01-27,5,,,
Yunnan,Mainland China,2020-01-24,5,,,
Shaanxi,Mainland China,2020-01-24,5,,,
Fujian,Mainland China,2020-01-23,5,,,
Guangxi,Mainland China,2020-01-23,5,,,
Hainan,Mainland China,2020-01-23,5,,,
Henan,Mainland China,2020-01-23,5,,,
Jiangsu,Mainland China,2020-01-23,5,,,
Hainan,Mainland China,2020-01-22,4,,,
Hunan,Mainland China,2020-01-22,4,,,
Tianjin,Mainland China,2020-01-22,4,,,
Ningxia,Mainland China,2020-01-26,4,,,
Jilin,Mainland China,2020-01-26,4,,,
Xinjiang,Mainland China,2020-01-26,4,,,
Guizhou,Mainland China,2020-01-25,4,,,
Jilin,Mainland China,2020-01-25,4,,,
Gansu,Mainland China,2020-01-25,4,,,
Heilongjiang,Mainland China,2020-01-24,4,1,,
Liaoning,Mainland China,2020-01-24,4,,,
Tianjin,Mainland China,2020-01-23,4,,,
Ningxia,Mainland China,2020-01-25,3,,,
Xinjiang,Mainland China,2020-01-25,3,,,
Guizhou,Mainland China,2020-01-24,3,,,
Jilin,Mainland China,2020-01-24,3,,,
Guizhou,Mainland China,2020-01-23,3,,,
Liaoning,Mainland China,2020-01-23,3,,,
Shaanxi,Mainland China,2020-01-23,3,,,
Guangxi,Mainland China,2020-01-22,2,,,
Jiangxi,Mainland China,2020-01-22,2,,,
Liaoning,Mainland China,2020-01-22,2,,,
Shandong,Mainland China,2020-01-22,2,,,
Ningxia,Mainland China,2020-01-24,2,,,
Hebei,Mainland China,2020-01-24,2,1,,
Gansu,Mainland China,2020-01-24,2,,,
Xinjiang,Mainland China,2020-01-24,2,,,
Gansu,Mainland China,2020-01-23,2,,,
Heilongjiang,Mainland China,2020-01-23,2,,,
Xinjiang,Mainland China,2020-01-23,2,,,
Yunnan,Mainland China,2020-01-23,2,,,
Tibet,Mainland China,2020-03-08,1,0,1,
Tibet,Mainland China,2020-03-10,1,0,1,
Tibet,Mainland China,2020-02-11,1,0,0,
Tibet,Mainland China,2020-02-24,1,0,1,
Tibet,Mainland China,2020-02-10,1,0,0,
Tibet,Mainland China,2020-03-02,1,0,1,
Tibet,Mainland China,2020-02-26,1,0,1,
Tibet,Mainland China,2020-02-06,1,0,0,
Anhui,Mainland China,2020-01-22,1,,,
Fujian,Mainland China,2020-01-22,1,,,
Guizhou,Mainland China,2020-01-22,1,,,
Hebei,Mainland China,2020-01-22,1,,,
Jiangsu,Mainland China,2020-01-22,1,,,
Ningxia,Mainland China,2020-01-22,1,,,
Shanxi,Mainland China,2020-01-22,1,,,
Yunnan,Mainland China,2020-01-22,1,,,
Tibet,Mainland China,2020-02-27,1,0,1,
Tibet,Mainland China,2020-02-14,1,0,1,
Qinghai,Mainland China,2020-01-26,1,,,
Tibet,Mainland China,2020-02-15,1,0,1,
Tibet,Mainland China,2020-02-05,1,0,0,
Tibet,Mainland China,2020-02-21,1,0,1,
Tibet,Mainland China,2020-03-03,1,0,1,
Tibet,Mainland China,2020-02-07,1,0,0,
Tibet,Mainland China,2020-02-13,1,0,1,
Tibet,Mainland China,2020-02-28,1,0,1,
Tibet,Mainland China,2020-02-04,1,0,0,
Tibet,Mainland China,2020-03-04,1,0,1,
Tibet,Mainland China,2020-02-09,1,0,0,
Tibet,Mainland China,2020-03-09,1,0,1,
Tibet,Mainland China,2020-02-20,1,0,1,
Tibet,Mainland China,2020-02-12,1,0,1,
Tibet,Mainland China,2020-03-06,1,0,1,
Tibet,Mainland China,2020-02-25,1,0,1,
Tibet,Mainland China,2020-02-16,1,0,1,
Tibet,Mainland China,2020-02-02,1,0,0,
Tibet,Mainland China,2020-02-01,1,0,0,
Qinghai,Mainland China,2020-01-25,1,,,
Tibet,Mainland China,2020-02-18,1,0,1,
Tibet,Mainland China,2020-03-07,1,0,1,
Tibet,Mainland China,2020-02-22,1,0,1,
Tibet,Mainland China,2020-02-19,1,0,1,
Tibet,Mainland China,2020-02-17,1,0,1,
Tibet,Mainland China,2020-02-29,1,0,1,
Shanxi,Mainland China,2020-01-24,1,,,
Inner Mongolia,Mainland China,2020-01-24,1,,,
Tibet,Mainland China,2020-01-31,1,,,
Tibet,Mainland China,2020-02-08,1,0,0,
Tibet,Mainland China,2020-01-30,1,,,
Tibet,Mainland China,2020-02-03,1,0,0,
Tibet,Mainland China,2020-03-05,1,0,1,
Hebei,Mainland China,2020-01-23,1,1,,
Jilin,Mainland China,2020-01-23,1,,,
Ningxia,Mainland China,2020-01-23,1,,,
Shanxi,Mainland China,2020-01-23,1,,,
Tibet,Mainland China,2020-02-23,1,0,1,
Tibet,Mainland China,2020-03-01,1,0,1,
Gansu,Mainland China,2020-03-11,0,0,0,
Hebei,Mainland China,2020-03-11,0,0,0,
Gansu,Mainland China,2020-03-12,0,0,0,
Hebei,Mainland China,2020-03-12,0,0,0,
Gansu,Mainland China,2020-01-22,,,,
Heilongjiang,Mainland China,2020-01-22,,,,
Inner Mongolia,Mainland China,2020-01-22,,,,
Jilin,Mainland China,2020-01-22,,,,
Qinghai,Mainland China,2020-01-22,,,,
Shaanxi,Mainland China,2020-01-22,,,,
Tibet,Mainland China,2020-01-22,,,,
Xinjiang,Mainland China,2020-01-22,,,,
Qinghai,Mainland China,2020-01-24,,,,
Inner Mongolia,Mainland China,2020-01-23,,,,
Qinghai,Mainland China,2020-01-23,,,,
Tibet,Mainland China,2020-01-23,,,,